<?xml version="1.0" encoding="UTF-8"?>
<beans xmlns="http://www.springframework.org/schema/beans"
	xmlns:xsi="http://www.w3.org/2001/XMLSchema-instance"
	xsi:schemaLocation="http://www.springframework.org/schema/beans http://www.springframework.org/schema/beans/spring-beans.xsd">

	<bean id="dataSource" class="org.apache.commons.dbcp.BasicDataSource">
		<property name="driverClassName"
			value="oracle.jdbc.driver.OracleDriver" />
		<property name="url"
			value="jdbc:oracle:thin:@localhost:1521:orcl" />
		<property name="username" value="hr" />
		<property name="password" value="hr" />
	</bean>

	<bean id="JdbcAccountRepository"
		class="com.example.repository.JdbcAccountRepository">
		<constructor-arg ref="dataSource" />
	</bean>

	<bean id="txrService" class="com.example.service.FinTxrService">
		<constructor-arg ref="JdbcAccountRepository" />
	</bean>
	

</beans>